"Country Name","Country Code","Control of Corruption: Estimate","Current health expenditure per capita, PPP (current international $)","Educational attainment, at least Bachelor's or equivalent, population 25+, total (%) (cumulative)","GDP per capita, PPP (constant 2021 international $)","Life expectancy at birth, total (years)","PM2.5 air pollution, mean annual exposure (micrograms per cubic meter)"
"Afghanistan","AFG",-1.15493178367615,321.499080608947,3.98425006866455,1992.42439419795,62.879,58.3308722306744
"Africa Eastern and Southern","AFE",NA,216.093237686662,NA,3967.86093740163,62.888463228983,26.2482004644559
"Africa Western and Central","AFW",NA,147.946417027309,NA,4814.6114433725,57.5891064273872,50.7719620968246
"Albania","ALB",-0.332218527793884,981.879024394578,19.834644317627,17975.7983946412,76.833,15.70470712234
"Algeria","DZA",-0.589308321475983,710.995867236057,11.4359302520752,15159.324237194,77.129,24.3886086444981
"American Samoa","ASM",1.25135612487793,NA,NA,NA,NA,6.72853173807719
"Andorra","AND",1.25135612487793,4098.70463660706,25.0400009155273,64631.2963909271,NA,9.01087465277866
"Angola","AGO",-0.60992020368576,173.143692510886,0.0883481949567795,7244.89305295156,61.929,24.5988113283925
"Antigua and Barbuda","ATG",0.326792687177658,1050.43280682188,NA,28967.2556775267,79.236,19.0584631585727
"Arab World","ARB",NA,834.473390982967,NA,16028.4157837409,71.0781699371824,44.547409419695
"Argentina","ARG",-0.360883951187134,2346.18668837546,NA,27104.9799978169,76.064,14.3996238920365
"Armenia","ARM",0.0583996474742889,1698,28.2912654876709,19230.1899296884,73.372,32.6618235324139
"Aruba","ABW",0.709075331687927,NA,NA,40516.8085633136,74.992,NA
"Australia","AUS",1.78120493888855,5390.86315420617,35.764835357666,60408.9433675784,83.2,9.33099031566264
"Austria","AUT",1.1336532831192,6276,15.3599996566772,64336.037528916,81.0926829268293,11.4645937760057
"Azerbaijan","AZE",-1.19547140598297,617,17.6700000762939,21262.2979971542,73.488,22.023834941184
"Bahamas, The","BHS",1.26691007614136,2133.82742484082,NA,33105.603858971,74.358,18.5659528939643
"Bahrain","BHR",0.177784815430641,2053.97756515122,29.5799999237061,57213.0913557711,79.246,59.9655174851019
"Bangladesh","BGD",-1.12086641788483,128.638188479391,7.57236766815186,8242.39798977242,73.698,50.3645265388691
"Barbados","BRB",1.34458589553833,1025.89028065974,NA,19224.4621182944,77.706,23.3255430894091
"Belarus","BLR",-0.665028035640717,1147,28.2999992370605,27718.3231175409,73.1114634146342,15.6177925850738
"Belgium","BEL",1.3368444442749,6041.60189145965,39.385196685791,62876.2387717275,81.6975609756098,11.2143791835506
"Belize","BLZ",-0.226113811135292,452.95365251189,6.68530750274658,12455.2960650024,70.962,26.1465334719171
"Benin","BEN",-0.0495794489979744,82.5422058683074,4.79155015945435,3721.2245272339,59.954,46.5625275293874
"Bermuda","BMU",1.25135612487793,NA,NA,98041.688720843,81.571,7.20679905172813
"Bhutan","BTN",1.53142273426056,429.148495076067,10.1999998092651,14061.3120213689,72.229,30.051897764158
"Bolivia","BOL",-0.838301062583923,612.248239897842,17.8769969940186,9843.97014174079,64.928,24.4849924422413
"Bosnia and Herzegovina","BIH",-0.581560015678406,1439,11.276029586792,19829.2822572462,75.293,26.7157922521039
"Botswana","BWA",0.685792088508606,964.575894816817,9.64603805541992,18846.2504612042,65.913,19.2035484352255
"Brazil","BRA",-0.503643155097961,1471.48906453933,16.5400009155273,19018.2390697496,73.425,12.3488400923542
"British Virgin Islands","VGB",NA,NA,NA,NA,76.373,NA
"Brunei Darussalam","BRN",1.27803611755371,1404.59707336132,17.5747013092041,76828.3998314969,74.551,7.94585811311948
"Bulgaria","BGR",-0.137721657752991,1778,26.3977317810059,33111.7332099418,74.3609756097561,17.5380256575647
"Burkina Faso","BFA",-0.169615507125854,116.968663626614,2.29087615013123,2482.07225343805,59.766,50.7057233570721
"Burundi","BDI",-1.55602598190308,68.8218551230665,0.910000026226044,828.861074309521,61.977,28.7747369895123
"Cabo Verde","CPV",0.984857201576233,356.267833012232,NA,9288.4021703944,74.722,39.3519135244555
"Cambodia","KHM",-1.29921674728394,318.697804245483,0.114589996635914,6690.58942585792,69.896,22.9738017157091
"Cameroon","CMR",-1.16255974769592,142.961195594625,6.42238998413086,4870.57076514365,60.958,40.7355761870464
"Canada","CAN",1.67150104045868,6443.42252123088,32.88818359375,56686.9159498906,81.2956097560976,6.22680169266749
"Caribbean small states","CSS",NA,1084.06670799194,NA,28493.0589311667,70.9840247794591,24.6945919692573
"Cayman Islands","CYM",0.437594085931778,NA,NA,78109.3506593441,NA,NA
"Central African Republic","CAF",-1.31139302253723,71.4965621255887,1.81203997135162,1135.13627681714,54.477,34.9143760112605
"Central Europe and the Baltics","CEB",NA,2307.12853163506,NA,42074.977645128,76.7857380588102,16.2346778779163
"Chad","TCD",-1.48240697383881,72.6342658821215,1.75650000572205,1679.4615323912,52.997,51.8673577081314
"Channel Islands","CHI",NA,NA,NA,NA,81.583,NA
"Chile","CHL",0.968603789806366,2755.66667821337,21.5449905395508,29490.7584920368,79.519,22.7323927701622
"China","CHN",-0.00537010468542576,885.836048204488,NA,22137.5998277466,78.587,37.5475753654351
"Colombia","COL",-0.309191286563873,1234.79408351458,16.4727363586426,18324.9053005691,73.659,14.5158658042874
"Comoros","COM",-0.990109264850616,176.608787211638,14.056170463562,3498.80327064529,63.68,10.4127200490569
"Congo, Dem. Rep.","COD",-1.48051190376282,38.0899029394024,7.4141697883606,1455.8356229714,59.743,26.3379328931586
"Congo, Rep.","COG",-1.34527885913849,99.1061679855031,NA,6172.28776650683,63.053,28.7484172141318
"Costa Rica","CRI",0.653749406337738,1632.59689185347,21.3099994659424,25989.9098073719,77.32,13.3766440949763
"Cote d'Ivoire","CIV",-0.313007414340973,175.763594311985,4.76513671875,6485.31584901747,58.916,44.3324266688486
"Croatia","HRV",0.181928679347038,2143,19.0439777374268,41100.2524147116,77.5756097560976,15.914853988952
"Cuba","CUB",-0.0550908595323563,2552.08307609835,15.3287696838379,NA,78.155,20.3431122356184
"Curacao","CUW",NA,NA,21.9363098144531,28886.6874923723,78.0170731707317,NA
"Cyprus","CYP",0.332707405090332,3133,33.1645622253418,52148.04296875,81.889,15.0066614653737
"Czechia","CZE",0.767809867858887,3368.60496777323,20.9734058380127,47452.3485573819,79.0292682926829,14.2336874017967
"Denmark","DNK",2.37605309486389,7158,32.7245712280273,71390.0024641919,81.3048780487805,9.61197285377196
"Djibouti","DJI",-0.780927419662476,107.656222423709,7.0643367767334,6400.62016334753,62.859,39.7218573893781
"Dominica","DMA",0.544514536857605,667.704984080144,NA,17420.2512475009,72.981,20.0434244381572
"Dominican Republic","DOM",-0.449474930763245,802.872506202763,18.7137393951416,23087.9343626862,74.17,19.4968181870994
"Early-demographic dividend","EAR",NA,413.53614207564,NA,11609.7228832879,69.2787025969777,44.1495122168698
"East Asia & Pacific","EAS",NA,1089.70217027063,NA,22673.424573973,76.8908803193648,30.8216056225803
"East Asia & Pacific (IDA & IBRD countries)","TEA",NA,742.373657350629,NA,19369.5506373878,76.1999855810352,32.5384445958213
"East Asia & Pacific (excluding high income)","EAP",NA,742.354514191853,NA,19154.2645712625,76.1676968092332,32.5213604698266
"Ecuador","ECU",-0.647337436676025,922.455368097401,12.1300001144409,14472.3165053895,77.894,17.769931645036
"Egypt, Arab Rep.","EGY",-0.747790396213531,563.539059000918,6.17000007629395,16691.1332373374,70.159,67.7529020891301
"El Salvador","SLV",-0.561315059661865,828.182334525446,7.26999998092651,11404.3342262685,71.475,18.2675885826061
"Equatorial Guinea","GNQ",-1.57037270069122,536.26592784256,NA,15688.2384192658,61.19,31.5523784625482
"Eritrea","ERI",-1.47526490688324,84.1658721468061,NA,NA,66.604,36.2661285542054
"Estonia","EST",1.53812229633331,3313.31994796295,32.6602210998535,41668.8375702059,77.9439024390244,6.84482514683862
"Eswatini","SWZ",-0.73498547077179,633.824842649172,18.2514572143555,10132.1872615949,56.36,21.1666365348853
"Ethiopia","ETH",-0.465061634778976,73.5285848324948,NA,2755.45709577808,65.645,28.6876946331346
"Euro area","EMU",NA,5099.74195748521,NA,55973.9165291401,81.7018565021718,11.2163141628656
"Europe & Central Asia","ECS",NA,3229.68620382172,NA,43918.0645721107,77.8051871533767,14.8866778456715
"Europe & Central Asia (IDA & IBRD countries)","TEC",NA,1348.73300302601,NA,31240.0656476234,73.9137208375535,18.8629338509176
"Europe & Central Asia (excluding high income)","ECA",NA,932.256438593825,NA,23221.3095527675,74.0288334456203,23.493993799948
"European Union","EUU",NA,4599.20140885081,NA,53783.061096099,80.8009860381263,12.1278884804188
"Faroe Islands","FRO",NA,NA,NA,70373.3769321133,83.3,NA
"Fiji","FJI",0.50627201795578,586.71592407599,5.17000007629395,13652.4908672464,68.312,12.9123773053208
"Finland","FIN",2.22151660919189,4752,28.7976665496826,56454.8496937512,81.1878048780488,5.37867032806067
"Fragile and conflict affected situations","FCS",NA,191.665777270455,NA,5043.40520597059,61.7932015299888,37.8540098347409
"France","FRA",1.18482184410095,5617.51648515809,24.354621887207,53969.0375681581,82.2292682926829,9.82524600527018
"French Polynesia","PYF",NA,NA,NA,NA,83.55,NA
"Gabon","GAB",-1.01552844047546,417.720468081148,NA,18702.6905177984,65.694,27.5241895785238
"Gambia, The","GMB",-0.281129717826843,68.5800325204671,9.04935646057129,2932.28059517915,62.906,54.8732916241171
"Georgia","GEO",0.617694795131683,1463,34.5390701293945,22590.5293543813,71.587,17.6183021493385
"Germany","DEU",1.66416621208191,8166.12897064057,29.2060985565186,63097.7108010283,80.7056097560976,10.6378495266542
"Ghana","GHA",-0.0990211144089699,239.492292081781,6.22969007492065,6796.47361923819,63.945,49.6566317016668
"Gibraltar","GIB",NA,NA,NA,NA,82.83,NA
"Greece","GRC",0.0978469252586365,2553.47799561598,28.9304580688477,36821.2753699812,80.6365853658537,14.9419055519621
"Greenland","GRL",1.02827477455139,NA,NA,67604.0507009986,71.5404878048781,6.48950745924949
"Grenada","GRD",0.558168590068817,791.151936387244,5.98692035675049,16946.473156154,75.335,24.2647371353562
"Guam","GUM",1.25135612487793,NA,NA,NA,78.33,9.88784013723531
"Guatemala","GTM",-1.12161290645599,541.653254160653,4.16229772567749,12389.385871782,68.674,20.2102810509295
"Guinea","GIN",-0.897673428058624,108.456745731476,22.7037582397461,3949.34013510824,58.985,42.8781068854259
"Guinea-Bissau","GNB",-1.1783698797226,145.675628903208,2.70413637161255,2578.80453427114,59.861,48.5028970455265
"Guyana","GUY",-0.383745014667511,655.160010384085,4.46917009353638,49315.1603107751,65.989,26.0920734823741
"Haiti","HTI",-1.44387412071228,126.425462608898,4.53101015090942,2956.46213701659,63.728,20.938501996786
"Heavily indebted poor countries (HIPC)","HPC",NA,133.265144340147,NA,3055.7581543954,62.8252840639938,35.5686496689578
"High income","HIC",NA,5680.35059734216,NA,57259.7318788704,79.5066307772331,13.0741946143558
"Honduras","HND",-1.11195814609528,427.383848436424,9.63000011444092,6468.30192068321,70.728,18.1436603524166
"Hong Kong SAR, China","HKG",1.62514543533325,NA,NA,64467.5756817829,83.6609756097561,NA
"Hungary","HUN",-0.00049813062651082,2176,26.128345489502,40167.9924788499,76.0170731707317,14.6412354449754
"IBRD only","IBD",NA,722.760996750532,NA,17495.9211620017,72.9134905321011,37.5187752981072
"IDA & IBRD total","IBT",NA,577.31781508156,NA,13927.5041711256,70.4671467913885,38.2561749467898
"IDA blend","IDB",NA,175.075226836042,NA,5732.93654378486,61.2894334441231,45.9631989187825
"IDA only","IDX",NA,147.860963864781,NA,4165.16544625988,65.3642224172282,37.4454043549418
"IDA total","IDA",NA,157.374174362016,NA,4668.54604701699,64.0074332547117,40.3011137881686
"Iceland","ISL",1.55130612850189,5824,34.2301330566406,66880.0658104169,82.1707317073171,5.48155807169081
"India","IND",-0.366014748811722,204,13.2299995422363,9160.06365370888,67.744,59.8919808842351
"Indonesia","IDN",-0.48687219619751,355.747929994664,9.32683753967285,13889.8828825663,68.25,19.4270918962783
"Iran, Islamic Rep.","IRN",-1.23189043998718,920.944849817089,18.2504196166992,15912.0299184195,74.556,34.0157895718045
"Iraq","IRQ",-1.32103753089905,457.490777869761,10.4068899154663,12711.0616746745,71.336,37.7315693030309
"Ireland","IRL",1.5752888917923,7875.46879842386,37.2724380493164,115401.125283215,83.0560975609756,7.8923946735653
"Isle of Man","IMN",NA,NA,NA,NA,80.762,NA
"Israel","ISR",0.829359412193298,3089,38.054126739502,48356.0899146248,82.7,19.5556432093837
"Italy","ITA",0.550129175186157,4675,16.4901714324951,52588.6899412963,82.9,14.8936858575121
"Jamaica","JAM",-0.112082988023758,651.025045203884,10.9498100280762,10291.3126701479,70.629,17.0706325020849
"Japan","JPN",1.3956606388092,4668,NA,45948.6761132298,83.9963414634146,12.9378727869587
"Jordan","JOR",0.0886586904525757,696.324977975947,20.9268398284912,9362.58776056423,74.215,31.2597313487439
"Kazakhstan","KAZ",-0.26659306883812,756,37.6751594543457,34703.2349286604,74.44,20.8569853852639
"Kenya","KEN",-0.770913004875183,209.4990889963,6.09258985519409,5682.98916248678,62.055,19.5705272264405
"Kiribati","KIR",0.411750495433807,257,4.06036996841431,3195.87039847415,67.661,11.5481206795464
"Korea, Dem. People's Rep.","PRK",-1.58447635173798,NA,34.5359725952148,NA,73.578,31.1237582148846
"Korea, Rep.","KOR",0.894088566303253,4946.78335928914,35.6374397277832,49995.4877276869,82.6804878048781,26.0153634264606
"Kosovo","XKX",-0.185286059975624,NA,NA,13642.6769565744,79.524,NA
"Kuwait","KWT",0.206611827015877,2642.88232411782,11.1199998855591,46458.2004898213,80.264,52.7825054963873
"Kyrgyz Republic","KGZ",-1.22109532356262,251,24.2648506164551,6403.14308780476,72.0487804878049,26.7613844313409
"Lao PDR","LAO",-0.973836362361908,213.253714472485,5.19384670257568,8372.15591874407,68.999,22.4289603771825
"Late-demographic dividend","LTE",NA,1055.87840074457,NA,23425.0736826975,77.1043499415742,30.0403374875238
"Latin America & Caribbean","LCN",NA,1267.61590116521,NA,19565.6961460099,73.7501213409412,15.6103235747721
"Latin America & Caribbean (excluding high income)","LAC",NA,1271.70646395251,NA,18721.1448191566,73.6091669105209,15.478743933266
"Latin America & the Caribbean (IDA & IBRD countries)","TLA",NA,1244.06301547308,NA,19466.5916715997,73.6413370777084,15.5706987279673
"Latvia","LVA",0.698113977909088,2171,31.9501533508301,38333.1714338943,74.580487804878,12.4865833165492
"Least developed countries: UN classification","LDC",NA,128.155438176547,NA,3819.17621460769,64.8802732533622,37.4649677877049
"Lebanon","LBN",-1.22706246376038,1545.49384947324,22.1418571472168,11474.7505845558,74.416,20.5970090578064
"Lesotho","LSO",-0.509478509426117,312.333439548374,5.61074018478394,2595.82952310453,53.036,21.1810593859544
"Liberia","LBR",-0.888349294662476,118.531976509001,5.0644998550415,1616.92373356695,61.1,37.1591253581791
"Libya","LBY",-1.52501881122589,NA,NA,12478.1434623596,72.151,36.4844732200514
"Liechtenstein","LIE",1.71017241477966,NA,NA,NA,84.319512195122,NA
"Lithuania","LTU",0.781545519828796,3709,41.4149131774902,46118.092510024,75.7926829268293,10.2465023749528
"Low & middle income","LMY",NA,532.009935787568,NA,12888.24015851,70.350086648099,39.2122422571091
"Low income","LIC",NA,104.277926592034,NA,2325.41772274995,63.0187828193203,35.6253919875541
"Lower middle income","LMC",NA,236.931645293263,NA,8379.9744879764,67.1659174849035,49.6175286022725
"Luxembourg","LUX",1.92665910720825,7540,42.3309173583984,130373.477941928,83.0463414634146,8.4591046194554
"Macao SAR, China","MAC",0.849051773548126,NA,NA,104961.643485494,85.377,NA
"Madagascar","MDG",-1.00018215179443,51.2453327599952,2.75999999046326,1643.30934795137,65.23,12.7945386496097
"Malawi","MWI",-0.602811515331268,113.097229163149,0.872150123119354,1648.43651796379,62.898,22.3370229833525
"Malaysia","MYS",0.295621365308762,1107.52191893857,14.5600004196167,32812.2997525336,76.26,17.8197510834605
"Maldives","MDV",-0.396943330764771,1642,10.9565267562866,22286.9801703571,80.839,12.3139819141366
"Mali","MLI",-0.861831545829773,88.5634341362204,3.81480407714844,2394.67216396924,59.417,57.3904374306355
"Malta","MLT",0.10974658280611,4599,22.6174163818359,59548.0829356446,82.7,12.5909175285117
"Marshall Islands","MHL",0.411750495433807,711.123329746033,6.20028162002563,6786.69569336005,65.146,10.8031103210849
"Mauritania","MRT",-0.822652637958527,189.439243580344,2.92197418212891,6258.71091329181,64.691,72.1994109024446
"Mauritius","MUS",0.453197360038757,1451.93310374596,9.4877872467041,26590.4238819278,73.5146341463415,9.27666690706869
"Mexico","MEX",-1.02057874202728,1101.81204678275,16.0200004577637,21874.0161543764,74.832,14.7051077997851
"Micronesia, Fed. Sts.","FSM",0.783704280853271,366.358446734171,NA,3886.69657098366,70.925,12.3358791142647
"Middle East & North Africa","MEA",NA,986.66316947475,NA,18657.1100997746,73.0940459752852,41.9225486841472
"Middle East & North Africa (IDA & IBRD countries)","TMN",NA,669.835615547114,NA,12921.1206368757,72.1958188105999,40.8921027318699
"Middle East & North Africa (excluding high income)","MNA",NA,669.835615547114,NA,12829.9258547489,72.2103836349625,40.7645717457672
"Middle income","MIC",NA,574.342737170989,NA,14217.9792356189,71.2481866258607,39.6278625687936
"Moldova","MDA",-0.28033846616745,859,20.9641456604004,15855.2737421842,68.621,15.7728170076841
"Monaco","MCO",1.25135612487793,8193.69460267326,NA,NA,NA,9.65907893202952
"Mongolia","MNG",-0.492604404687881,583.619273685997,31.7103157043457,16222.8638898529,72.667,31.0839271991388
"Montenegro","MNE",-0.0793098732829094,1956,61.090518951416,27342.823774098,76.1878048780488,18.3231957596321
"Morocco","MAR",-0.536348581314087,433.891513378091,NA,8868.7119140625,74.973,20.9299059936918
"Mozambique","MOZ",-0.828437745571136,106.520863190697,3.0377299785614,1511.63653474992,59.625,19.5945644695986
"Myanmar","MMR",-1.21649932861328,237,9.35000038146973,5364.13797034407,67.256,32.1642279603857
"Namibia","NAM",0.110072031617165,879.456273725399,NA,10105.5147732431,58.059,19.3878496864904
"Nauru","NRU",0.58861643075943,1523.66710553118,NA,12462.8412884717,64.014,6.02606444596139
"Nepal","NPL",-0.50792795419693,182,5.81882381439209,4859.80010436735,70.484,57.2750179345088
"Netherlands","NLD",1.86710047721863,6127,36.6276969909668,70610.1704537706,81.7146341463415,11.3641419467189
"New Caledonia","NCL",NA,NA,19.5735034942627,NA,80.9820731707317,NA
"New Zealand","NZL",2.08409547805786,4377.54456741863,31.6728115081787,48580.1962741612,82.7609756097561,7.42296671535298
"Nicaragua","NIC",-1.38844013214111,477.72614778961,NA,7486.94276222499,74.615,14.9843484599445
"Niger","NER",-0.563843965530396,71.8971869192471,1.14498543739319,1703.39693250647,62.08,72.4703210969872
"Nigeria","NGA",-1.04097437858582,157.949735583775,3.47727274894714,5593.05661448231,53.633,51.7218388551219
"North America","NAC",NA,11842.9198914656,NA,72668.9547907465,77.8387652653349,7.07846677471604
"North Macedonia","MKD",-0.34861546754837,1250,21.0402164459229,23323.9034075339,74.4248780487805,25.8786881284068
"Northern Mariana Islands","MNP",NA,NA,NA,NA,NA,9.84143557608585
"Norway","NOR",2.11352157592773,7325,31.1733207702637,90160.1575016309,82.5609756097561,6.38122446338577
"OECD members","OED",NA,5471.03122801418,NA,52742.297429667,79.6281298121431,12.3044204275696
"Oman","OMN",0.215157955884933,1341.43770329579,19.1100006103516,38311.4183413339,73.935,44.8977643665473
"Other small states","OSS",NA,1553.44352061618,NA,28064.1467613459,72.8992435957495,22.2960153982683
"Pacific island small states","PSS",NA,366.824355259491,NA,7209.94867463008,69.7559713939711,13.2360653228674
"Pakistan","PAK",-0.999357461929321,153.052331998818,4.15000009536743,5439.18762006677,66.431,52.8571976958305
"Palau","PLW",0.58861643075943,2477.65914198973,NA,15796.5402743459,NA,7.7458949684632
"Panama","PAN",-0.62809419631958,2783.81493323903,16.1276836395264,35863.880148831,76.826,11.8842931085395
"Papua New Guinea","PNG",-0.657154023647308,95.6743316391551,3.13966274261475,4174.44164016586,65.958,16.8882962616477
"Paraguay","PRY",-1.05772292613983,1015.69879888063,13.9899997711182,15783.1150120746,70.475,10.1222564891858
"Peru","PER",-0.721040904521942,699.449536092365,NA,15294.2567811201,73.385,29.1117854585642
"Philippines","PHL",-0.537639975547791,516,18.075719833374,9901.05652395692,72.187,21.5254371973976
"Poland","POL",0.565399944782257,2925,28.645357131958,43585.1194236272,77.3048780487805,18.7701954101512
"Portugal","PRT",0.696312069892883,4464,23.9583301544189,41498.3669564203,81.5804878048781,7.98256121876526
"Post-demographic dividend","PST",NA,6393.21475158212,NA,58361.6934182348,80.1357442642629,10.9844919844194
"Pre-demographic dividend","PRE",NA,149.947867289473,NA,4040.60707088337,60.470334428071,38.9439660966704
"Puerto Rico","PRI",0.0196014605462551,NA,7.59000015258789,42994.7856404917,79.72,6.66040483872952
"Qatar","QAT",0.702209830284119,3041.41711735244,30.3899993896484,116159.142559471,81.559,81.0088337801126
"Romania","ROU",0.0404953435063362,1885,15.2834615707397,40267.3065891116,75.3048780487805,15.0073403663299
"Russian Federation","RUS",-1.10467827320099,1705,NA,39753.45703125,72.5456097560976,11.6778230257169
"Rwanda","RWA",0.671653091907501,144.887395828665,5.14924049377441,3060.02893126731,67.129,30.0071642427631
"Samoa","WSM",0.727086067199707,372.938997828622,16.4844264984131,6304.34613688419,72.598,12.8726726678327
"San Marino","SMR",1.25135612487793,5102.46137117047,18.3899993896484,70887.573899815,NA,10.4938237574833
"Sao Tome and Principe","STP",0.360224694013596,219.669647098608,4.8479700088501,5541.3016760535,68.794,21.6556728259824
"Saudi Arabia","SAU",0.536042988300323,2673.01905535307,30.8887481689453,55055.3996823571,77.905,58.6225928552836
"Senegal","SEN",0.0578322261571884,160.756573225969,4.90400886535645,4317.2263915953,67.913,60.3429016299635
"Serbia","SRB",-0.447204262018204,1677.05964427825,18.6692008972168,25718.4299758377,75.4821951219512,22.6362588980641
"Seychelles","SYC",1.62884771823883,1365.58772408747,NA,29468.9512755913,73.8487804878049,9.43411735985982
"Sierra Leone","SLE",-0.574557840824127,157.54260955283,1.95823001861572,3034.21894320278,60.411,38.5920982937814
"Singapore","SGP",2.04018402099609,4397.05086519512,36.189998626709,127543.55475211,82.8951219512195,17.0759063187283
"Sint Maarten (Dutch part)","SXM",NA,NA,NA,44894.6934642898,74.409,NA
"Slovak Republic","SVK",0.292565286159515,2316,25.8375110626221,39171.7826208886,77.0658536585366,15.8371166474072
"Slovenia","SVN",0.776647090911865,4388,26.0893592834473,47825.2300822798,81.2829268292683,13.9082165762349
"Small states","SST",NA,1321.93636654904,NA,25375.5843646434,72.1830686819043,21.4775081051994
"Solomon Islands","SLB",-0.134710744023323,117.930261204187,NA,2534.02756338361,70.742,14.3002352896823
"Somalia","SOM",-1.73283362388611,NA,4.26999998092651,1402.46992062464,56.107,22.8360439242082
"South Africa","ZAF",-0.284670442342758,1190.19975327386,12.2000169754028,13690.3894584515,61.48,23.1897720637682
"South Asia","SAS",NA,197.718406488757,NA,8439.40464866185,68.1474413137902,57.6247841302567
"South Asia (IDA & IBRD)","TSA",NA,197.718406488757,NA,8439.40464866185,68.1474413137902,57.6247841302567
"South Sudan","SSD",-1.96955537796021,51.3808484028734,NA,NA,55.567,33.3599794728451
"Spain","ESP",0.629368722438812,3959.18583587932,24.706615447998,47298.4121876661,83.0829268292683,9.35354339662499
"Sri Lanka","LKA",-0.383976995944977,558,0.911603033542633,13029.523937847,76.61,19.779803654502
"St. Kitts and Nevis","KNA",0.413433611392975,1686.29680244748,NA,30409.4041094129,72.027,7.87159855837596
"St. Lucia","LCA",0.54412841796875,675.223826954528,NA,23403.4617661837,71.294,23.070500576614
"St. Martin (French part)","MAF",NA,NA,NA,NA,80.55,NA
"St. Vincent and the Grenadines","VCT",0.737308144569397,629.741103330466,NA,18335.2120818044,68.972,23.4062454360865
"Sub-Saharan Africa","SSF",NA,187.982036421568,NA,4309.35145937495,60.7441305312973,36.2221384584107
"Sub-Saharan Africa (IDA & IBRD countries)","TSS",NA,187.982036421568,NA,4309.35145937495,60.7441305312973,36.2221384584107
"Sub-Saharan Africa (excluding high income)","SSA",NA,187.879681468202,NA,4306.96343951702,60.7428523816943,36.2244340511557
"Sudan","SDN",-1.50206708908081,204.419975932321,9.34699058532715,2469.19458007813,65.578,51.9356218340372
"Suriname","SUR",-0.404351592063904,1660.11781556072,4.9513897895813,19043.7052869285,70.289,29.9904120028237
"Sweden","SWE",2.0282461643219,7017,33.6940689086914,62665.2172577283,83.109756097561,6.06869269595507
"Switzerland","CHE",2.02199912071228,8068.70041611335,41.2647743225098,81683.8662644452,83.4536585365854,9.45001875443382
"Syrian Arab Republic","SYR",-1.7502247095108,NA,NA,4454.85373271464,72.3,26.4725611273339
"Tajikistan","TJK",-1.37873339653015,259,12.0100002288818,4472.3241378777,71.288,40.2890496610835
"Tanzania","TZA",-0.319897323846817,101.025557922978,2.31976008415222,3620.79345703125,66.782,20.7785687915826
"Thailand","THA",-0.489050775766373,711.13656921288,17.3500003814697,21142.6643331162,79.68,30.382756547172
"Timor-Leste","TLS",-0.22670416533947,194.899655313487,1.26540040969849,4328.50782017194,69.056,17.627881197133
"Togo","TGO",-0.619174957275391,124.162837911897,5.88405132293701,2767.51655834427,61.588,47.6290664711767
"Tonga","TON",-0.308315753936768,314.033624489501,9.49322986602783,6901.73855566074,71.27,12.7574461149445
"Trinidad and Tobago","TTO",-0.374148547649384,1801.73214077458,10.1399097442627,31705.8333833611,74.708,25.0102271567294
"Tunisia","TUN",-0.341899782419205,698.215225732241,12.8028297424316,12552.9866903456,74.263,23.7714034054098
"Turkiye","TUR",-0.50248908996582,1210,20.9415740966797,34251.5790048407,78.475,23.6946115800374
"Turkmenistan","TKM",-1.42362427711487,937.086853785171,13.8386697769165,17866.4041809169,69.41,20.2530348899106
"Turks and Caicos Islands","TCA",NA,NA,11.7487096786499,22305.6592653747,74.925,NA
"Tuvalu","TUV",0.646379947662354,1125.10912213675,6.05095529556274,5812.39328977512,64.854,6.00962588602958
"Uganda","UGA",-1.04257476329803,94.3429860096301,4.25233602523804,2791.05576885861,63.638,31.4850134786862
"Ukraine","UKR",-0.686146318912506,900,NA,15885.2255859375,68.5879268292683,15.5795007311465
"United Arab Emirates","ARE",1.07366383075714,3281.38232559293,51.0699996948242,68577.5405661277,79.196,41.955626323257
"United Kingdom","GBR",1.48091387748718,6265.54315002907,37.1295585632324,52588.9794302902,82.0585365853659,9.94569869317993
"United States","USA",1.12343263626099,12473.7910779276,38.5680274963379,74577.5065396723,77.4341463414634,7.17602147949022
"Upper middle income","UMC",NA,930.470992342409,NA,20588.0039552899,75.6652990948112,29.0935841579217
"Uruguay","URY",1.57394731044769,2276.02756131912,22.0100002288818,31019.3113912098,78,10.298591147894
"Uzbekistan","UZB",-0.807529330253601,424,16.8500003814697,10007.6855026198,71.674,34.1331992575325
"Vanuatu","VUT",-0.0148651544004679,106.062672909175,3.50382971763611,3118.39603259733,70.492,14.3364980888287
"Venezuela, RB","VEN",-1.69000518321991,78.9285626083828,22.2573757171631,NA,71.105,14.8507131552081
"Viet Nam","VNM",-0.415814280509949,531.464312653653,11.2206144332886,13491.879417397,74.58,20.8317868906878
"Virgin Islands (U.S.)","VIR",-0.018456656485796,NA,NA,46479.2996685326,80.319512195122,7.9242336096145
"West Bank and Gaza","PSE",-0.676133513450623,NA,22.75,5313.09790291178,73.444,29.6822493738623
"World","WLD",NA,1438.95064456885,NA,20604.1219496268,71.9487167371408,34.4974705338068
"Yemen, Rep.","YEM",-1.64893329143524,NA,NA,NA,63.72,41.6407934340959
"Zambia","ZMB",-0.477706879377365,237.358528564375,2.71212387084961,3673.4841969922,61.803,23.2037475947695
"Zimbabwe","ZWE",-1.26121604442596,72.0159647364546,0.91387802362442,3442.25132658294,59.391,18.5286074615735
